case_id,storm_id,name,basin,episode_index,episode_start,episode_end,closest_approach_time,reference_time,reference_event,latitude,longitude,nearest_coast_latitude,nearest_coast_longitude,minimum_coast_distance_km,lifetime_vmax_kt,coastal_episode_vmax_kt,closest_approach_vmax_kt,reference_vmax_kt,crossing_vmax_kt,landfall_vmax_kt,coastline_crossing,crossing_count,landfall_crossing,landfall_count,coastline_exit,exit_count,tangent_crossing_count,r34_contact,r50_contact,r64_contact,r34_contact_hours,coastal_contact_span_hours,tier,primary_sample,selection_method,center_surface_at_closest_approach,center_surface_at_reference,nature_at_closest_approach,usa_status_at_closest_approach,nature_at_reference,usa_status_at_reference,track_types,provisional_track,r34_coverage_fraction,usa_wind_coverage_fraction,qc_status
2022024S09090-CE01,2022024S09090,BATSIRAI,SI,1,2022-02-01 04:17:08.571428+00:00,2022-02-04 06:45:00+00:00,2022-02-01 15:00:00+00:00,2022-02-01 15:00:00+00:00,coastal_approach,-17.3,59.6,-16.820860999999997,59.491222,54.27588635702367,125.0,125.0,85.0,85.0,,,False,0,False,0,False,0,0,True,True,False,74.46428571444444,74.46428571444444,B,True,wind_radius,sea,sea,TS,TY,TS,TY,main,False,1.0,1.0,passed
2022024S09090-CE02,2022024S09090,BATSIRAI,SI,2,2022-02-04 19:48:00+00:00,2022-02-05 17:00:00+00:00,2022-02-05 17:00:00+00:00,2022-02-05 17:01:48.141186+00:00,landfall,-20.967828484176778,48.461732767098006,-20.967828484176778,48.461732767098006,0.0,125.0,115.0,91.66666666666669,91.66666666666669,91.66666666666669,91.66666666666669,True,1,True,1,False,0,0,True,True,True,21.2,21.2,A,True,landfall_crossing+wind_radius,sea,coastline,TS,TY,TS,TY,main,False,1.0,1.0,passed
2022038S19164-CE01,2022038S19164,DOVI,SP,1,2022-02-08 14:00:00+00:00,2022-02-10 22:00:00+00:00,2022-02-10 08:34:17.142857+00:00,2022-02-10 08:35:52.804986+00:00,landfall,-22.54649132193556,167.46716621064786,-22.54649132193556,167.46716621064786,0.0,90.0,90.0,69.28571428571429,69.28571428571429,69.28571428571429,69.28571428571429,True,1,True,1,True,1,0,True,True,False,45.9,56.0,A,True,landfall_crossing+wind_radius+distance_proxy,sea,coastline,TS,TY,TS,TY,main,False,0.8508771929824561,1.0,passed
2022037S10103-CE02,2022037S10103,EMNATI,SI,2,2022-02-21 18:51:25.714285+00:00,2022-02-22 23:37:30+00:00,2022-02-22 23:37:30+00:00,2022-02-22 23:27:57.265179+00:00,landfall,-22.511100074799412,47.88927733193185,-22.511100074799412,47.88927733193185,0.0,115.0,94.0,65.625,65.625,65.625,65.625,True,1,True,1,False,0,0,True,True,True,28.58035714305555,28.76785714305556,A,True,landfall_crossing+wind_radius,land,coastline,TS,TY,TS,TY,main,False,1.0,1.0,passed
2022065S16055-CE02,2022065S16055,GOMBE,SI,2,2022-03-10 07:48:00+00:00,2022-03-11 00:00:00+00:00,2022-03-11 00:00:00+00:00,2022-03-11 00:06:26.567941+00:00,landfall,-15.396423780923852,40.59283804497135,-15.396423780923852,40.59283804497135,0.0,100.0,100.0,100.0,100.0,100.0,100.0,True,1,True,1,False,0,0,True,True,True,15.6,16.2,A,True,landfall_crossing+wind_radius,sea,coastline,TS,TY,TS,TY,main,False,1.0,1.0,passed
2022096N03150-CE01,2022096N03150,MALAKAS,WP,1,2022-04-14 03:00:00+00:00,2022-04-15 12:00:00+00:00,2022-04-15 06:00:00+00:00,2022-04-15 06:00:00+00:00,coastal_approach,27.899999999999995,141.8,27.680000000000003,142.123694,40.149854608742295,105.0,98.0,50.0,50.0,,,False,0,False,0,False,0,0,True,True,False,33.0,33.0,B,True,wind_radius,sea,sea,TS,TS,TS,TS,main,False,0.7953216374269005,0.7953216374269005,passed
2022126N07095-CE01,2022126N07095,ASANI,NI,1,2022-05-10 03:45:00+00:00,2022-05-13 00:45:00+00:00,2022-05-11 14:00:00+00:00,2022-05-11 14:11:14.554541+00:00,landfall,16.0271059709392,81.1541552134867,16.0271059709392,81.1541552134867,0.0,65.0,65.0,31.666666666666668,31.666666666666668,31.666666666666668,31.666666666666668,True,1,True,1,True,1,0,True,False,False,32.75,69.0,B,True,landfall_crossing+wind_radius+distance_proxy,sea,coastline,TS,TS,TS,TS,main,False,0.5,1.0,passed
2022148N13263-CE01,2022148N13263,AGATHA,EP,1,2022-05-30 06:45:00+00:00,2022-05-30 21:00:00+00:00,2022-05-30 21:00:00+00:00,2022-05-30 20:43:05.651107+00:00,landfall,15.671841413716908,-96.6282134331613,15.671841413716908,-96.6282134331613,0.0,95.0,94.33333333333331,90.0,90.0,90.0,90.0,True,1,True,1,False,0,0,True,True,True,13.95,14.25,A,True,landfall_crossing+wind_radius,land,coastline,TS,HU,TS,HU,main,False,1.0,1.0,passed
2022180N15117-CE01,2022180N15117,CHABA,WP,1,2022-06-30 18:00:00+00:00,2022-07-02 09:00:00+00:00,2022-07-02 09:00:00+00:00,2022-07-02 08:26:54.807661+00:00,landfall,21.444874470107656,111.03682399642422,21.444874470107656,111.03682399642422,0.0,75.0,75.0,68.0,69.75,69.75,69.75,True,3,True,3,True,2,0,True,True,True,39.0,39.0,A,True,landfall_crossing+wind_radius,sea,coastline,TS,TY,TS,TY,main,False,0.9101123595505618,1.0,passed
2022197N12260-CE01,2022197N12260,ESTELLE,EP,1,2022-07-18 10:07:30+00:00,2022-07-19 17:37:30+00:00,2022-07-19 08:30:00+00:00,2022-07-19 08:30:00+00:00,coastal_approach,18.566758832129533,-114.61658598120869,18.380889000000003,-114.683722,21.76084733561623,75.0,70.0,58.333333333333336,58.333333333333336,,,False,0,False,0,False,0,0,True,True,False,28.928571428472225,31.5,B,True,wind_radius,sea,sea,TS,TS,TS,TS,main,False,1.0,1.0,passed
2022232N18131-CE01,2022232N18131,MA-ON,WP,1,2022-08-22 18:36:00+00:00,2022-08-23 03:00:00+00:00,2022-08-23 03:00:00+00:00,2022-08-23 03:01:45.812067+00:00,landfall,17.50392788461882,122.19413439167596,17.50392788461882,122.19413439167596,0.0,65.0,65.0,65.0,65.0,65.0,65.0,True,1,True,1,False,0,0,True,True,True,8.4,8.4,A,True,landfall_crossing+wind_radius,sea,coastline,TS,TY,TS,TY,main,False,1.0,1.0,passed
2022239N22150-CE01,2022239N22150,HINNAMNOR,WP,1,2022-08-29 06:36:00+00:00,2022-08-29 11:42:00+00:00,2022-08-29 09:00:00+00:00,2022-08-29 09:00:00+00:00,coastal_approach,27.4,142.2,27.485778,142.214639,9.61465445405963,145.0,119.0,88.0,88.0,,,False,0,False,0,False,0,0,True,True,True,5.1,5.1,A,True,wind_radius,sea,sea,TS,TY,TS,TY,main,False,1.0,1.0,passed
2022239N22150-CE02,2022239N22150,HINNAMNOR,WP,2,2022-08-30 17:20:00+00:00,2022-08-31 12:00:00+00:00,2022-08-30 20:40:00+00:00,2022-08-30 20:40:00+00:00,coastal_approach,26.122441857096607,131.1887537321658,25.955,131.285472,20.924374711921025,145.0,135.0,130.0,130.0,,,False,0,False,0,False,0,0,True,True,True,13.818452380972223,18.666666666666668,A,True,wind_radius,sea,sea,TS,ST,TS,ST,main,False,1.0,1.0,passed
2022239N22150-CE03,2022239N22150,HINNAMNOR,WP,3,2022-09-02 13:00:00+00:00,2022-09-06 17:05:13.043478+00:00,2022-09-05 19:36:00+00:00,2022-09-03 14:32:16.566754+00:00,landfall,24.63839707056672,124.71544350269308,24.63839707056672,124.71544350269308,0.0,145.0,105.0,77.33333333333333,87.4,87.4,87.4,True,5,True,5,True,4,3,True,True,True,92.05407925375,100.08695652166666,A,True,landfall_crossing+wind_radius+distance_proxy,sea,coastline,TS,TY,TS,TY,main,False,0.7672634271099744,0.7672634271099744,passed
2022248N14259-CE01,2022248N14259,KAY,EP,1,2022-09-06 12:25:42.857142+00:00,2022-09-09 23:24:00+00:00,2022-09-08 20:12:51.428571+00:00,2022-09-08 20:21:07.743671+00:00,landfall,27.14631971953704,-114.28201547133936,27.14631971953704,-114.28201547133936,0.0,85.0,85.0,60.0,60.0,60.0,60.0,True,1,True,1,True,1,0,True,True,True,78.43273809541665,82.97142857166666,A,True,landfall_crossing+wind_radius,sea,coastline,TS,TS,TS,TS,main,False,0.9590909090909092,1.0,passed
2022247N26147-CE01,2022247N26147,MUIFA,WP,1,2022-09-10 23:00:00+00:00,2022-09-15 16:17:08.571428+00:00,2022-09-14 23:24:00+00:00,2022-09-12 03:08:14.178193+00:00,landfall,24.41372887628158,124.09543463225128,24.41372887628158,124.09543463225128,0.0,110.0,110.0,56.0,80.0,80.0,80.0,True,14,True,14,True,13,3,True,True,True,95.66309523819444,113.28571428555556,A,True,landfall_crossing+wind_radius+distance_proxy,land,coastline,TS,TS,TS,TY,main,False,0.875,1.0,passed
2022246N18301-CE02,2022246N18301,EARL,NA,2,2022-09-10 08:15:00+00:00,2022-09-12 12:36:00+00:00,2022-09-12 06:00:00+00:00,2022-09-12 06:00:00+00:00,coastal_approach,44.29999999999999,-52.1,46.625722,-53.16152799999999,271.4808764195968,95.0,93.5,40.0,40.0,,,False,0,False,0,False,0,0,True,True,False,52.35,52.35,B,True,wind_radius,sea,sea,ET,EX,ET,EX,main,False,1.0,1.0,passed
2022254N24143-CE01,2022254N24143,NANMADOL,WP,1,2022-09-16 13:17:08.571428+00:00,2022-09-20 00:08:34.285714+00:00,2022-09-18 14:37:30+00:00,2022-09-18 08:23:51.200672+00:00,landfall,31.179511893685035,130.6,31.179511893685035,130.6,0.0,135.0,135.0,75.625,86.33333333333333,86.33333333333333,86.33333333333333,True,9,True,9,True,9,3,True,True,True,62.80702076361111,82.85714285722223,A,True,landfall_crossing+wind_radius+distance_proxy,land,coastline,TS,TY,TS,TY,main,False,0.7236842105263158,0.7236842105263158,passed
2022257N16312-CE01,2022257N16312,FIONA,NA,1,2022-09-17 15:36:00+00:00,2022-09-19 07:00:00+00:00,2022-09-18 19:00:00+00:00,2022-09-18 19:08:05.413380+00:00,landfall,17.970238854532326,-67.07019711533643,17.970238854532326,-67.07019711533643,0.0,120.0,80.0,75.0,75.0,80.0,80.0,True,3,True,3,True,2,1,True,True,True,37.85833333333333,39.4,A,True,landfall_crossing+wind_radius,sea,coastline,TS,HU,TS,HU,main,False,1.0,1.0,passed
2022257N16312-CE02,2022257N16312,FIONA,NA,2,2022-09-19 14:24:00+00:00,2022-09-21 04:30:00+00:00,2022-09-19 14:24:00+00:00,2022-09-19 14:16:13.542325+00:00,landfall,19.02708847987194,-69.12694401213258,19.02708847987194,-69.12694401213258,0.0,120.0,120.0,79.0,79.0,100.0,100.0,True,3,True,3,True,4,0,True,True,True,36.8,38.1,A,True,landfall_crossing+wind_radius,land,coastline,TS,HU,TS,HU,main,False,1.0,1.0,passed
2022257N16312-CE03,2022257N16312,FIONA,NA,3,2022-09-23 00:32:43.636363+00:00,2022-09-23 13:12:00+00:00,2022-09-23 09:40:00+00:00,2022-09-23 09:40:00+00:00,coastal_approach,33.52360155294915,-66.09169149337178,32.304083,-64.883389,176.256872776148,120.0,115.0,115.0,115.0,,,False,0,False,0,False,0,0,True,True,True,12.654545454722223,12.654545454722223,A,True,wind_radius,sea,sea,TS,HU,TS,HU,main,False,1.0,1.0,passed
2022257N16312-CE04,2022257N16312,FIONA,NA,4,2022-09-23 20:40:00+00:00,2022-09-25 07:46:40+00:00,2022-09-25 07:46:40+00:00,2022-09-24 07:02:38.502928+00:00,landfall,45.21320925880477,-61.2,45.21320925880477,-61.2,0.0,120.0,113.16,45.55555555555556,85.0,85.0,85.0,True,5,True,5,True,4,5,True,True,True,32.20039682527778,35.111111111111114,A,True,landfall_crossing+wind_radius,sea,coastline,ET,EX,ET,EX,main,False,1.0,1.0,passed
2022264N17132-CE01,2022264N17132,NORU,WP,1,2022-09-24 19:30:00+00:00,2022-09-25 11:34:17.142857+00:00,2022-09-25 11:34:17.142857+00:00,2022-09-25 11:38:02.712618+00:00,landfall,15.18788843317617,121.47321277719672,15.18788843317617,121.47321277719672,0.0,145.0,145.0,116.14285714285714,116.14285714285714,116.14285714285714,116.14285714285714,True,1,True,1,False,0,0,True,True,True,13.892857142916666,16.07142857138889,A,True,landfall_crossing+wind_radius,sea,coastline,TS,TY,TS,TY,main,False,1.0,1.0,passed
2022264N17132-CE02,2022264N17132,NORU,WP,2,2022-09-25 18:00:00+00:00,2022-09-25 21:20:00+00:00,2022-09-25 18:00:00+00:00,2022-09-25 18:00:00+00:00,coastal_approach,15.500000000000002,119.9,15.496638999999998,119.89875000000002,0.3953520852628056,145.0,115.0,90.0,90.0,,,False,0,False,0,True,1,1,True,True,True,3.333333333333333,3.333333333333333,A,True,wind_radius,sea,sea,TS,TY,TS,TY,main,False,1.0,1.0,passed
2022266N12294-CE01,2022266N12294,IAN,NA,1,2022-09-26 08:34:17.142857+00:00,2022-09-28 20:05:00+00:00,2022-09-28 20:05:00+00:00,2022-09-27 08:19:45.669003+00:00,landfall,22.1726989674928,-83.69315619845587,22.1726989674928,-83.69315619845587,0.0,140.0,140.0,126.66666666666669,110.0,131.66666666666666,131.66666666666666,True,3,True,3,True,2,1,True,True,True,52.44761904763888,59.51190476194444,A,True,landfall_crossing+wind_radius,land,coastline,TS,HU,TS,HU,main,False,1.0,1.0,passed
2022264N17132-CE03,2022264N17132,NORU,WP,3,2022-09-26 14:10:54.545454+00:00,2022-09-27 20:00:00+00:00,2022-09-27 20:00:00+00:00,2022-09-27 20:14:55.194191+00:00,landfall,15.800107968561184,108.42522244706169,15.800107968561184,108.42522244706169,0.0,145.0,130.0,81.66666666666667,81.66666666666667,81.66666666666667,81.66666666666667,True,1,True,1,False,0,0,True,True,True,29.81818181833333,29.818181818333333,A,True,landfall_crossing+wind_radius,sea,coastline,TS,TY,TS,TY,main,False,1.0,1.0,passed
2022266N12294-CE02,2022266N12294,IAN,NA,2,2022-09-29 11:24:00+00:00,2022-09-30 18:00:00+00:00,2022-09-30 18:00:00+00:00,2022-09-29 11:46:45.090075+00:00,landfall,28.370569688394763,-80.61477150667038,28.370569688394763,-80.61477150667038,0.0,140.0,75.0,70.0,60.0,70.42857142857143,70.42857142857143,True,3,True,3,True,3,5,True,True,True,24.73571428569445,30.6,A,True,landfall_crossing+wind_radius,land,coastline,TS,HU,TS,TS,main,False,1.0,1.0,passed
2022272N14258-CE01,2022272N14258,ORLENE,EP,1,2022-10-02 20:24:00+00:00,2022-10-03 15:00:00+00:00,2022-10-03 14:35:00+00:00,2022-10-03 05:22:05.227941+00:00,landfall,21.59469394753364,-106.6211195577918,21.59469394753364,-106.6211195577918,0.0,115.0,108.0,70.0,85.83333333333333,85.83333333333333,85.83333333333333,True,2,True,2,True,1,0,True,True,True,18.1,18.6,A,True,landfall_crossing+wind_radius,sea,coastline,TS,HU,TS,HU,main,False,1.0,1.0,passed
2022280N11294-CE01,2022280N11294,JULIA,NA,1,2022-10-08 16:20:00+00:00,2022-10-09 07:57:00+00:00,2022-10-08 22:52:30+00:00,2022-10-09 06:47:54.174843+00:00,landfall,12.400038255018789,-83.49161166025321,12.400038255018789,-83.49161166025321,0.0,75.0,75.0,64.25,75.0,75.0,75.0,True,2,True,2,True,1,1,True,True,True,14.797916666666666,15.616666666666667,A,True,landfall_crossing+wind_radius,sea,coastline,TS,HU,TS,HU,main,False,1.0,1.0,passed
2022285N17140-CE01,2022285N17140,NESAT,WP,1,2022-10-15 10:48:00+00:00,2022-10-17 17:00:00+00:00,2022-10-15 21:30:00+00:00,2022-10-15 21:30:00+00:00,coastal_approach,19.216761551702536,121.51670877221956,19.245389,121.510806,3.229118381783035,90.0,90.0,50.0,50.0,,,False,0,False,0,False,0,0,True,True,False,48.62857142861111,54.2,B,True,wind_radius,sea,sea,TS,TS,TS,TS,main,False,0.9224806201550388,1.0,passed
2022285N17140-CE02,2022285N17140,NESAT,WP,2,2022-10-18 01:12:00+00:00,2022-10-18 21:36:00+00:00,2022-10-18 15:00:00+00:00,2022-10-18 15:00:00+00:00,coastal_approach,17.400000000000002,112.1,16.965333000000005,112.29825,52.52524025221604,90.0,89.2,65.0,65.0,,,False,0,False,0,False,0,0,True,True,False,20.40000000000001,20.4,B,True,wind_radius,sea,sea,TS,TY,TS,TY,main,False,1.0,1.0,passed
2022293N15259-CE01,2022293N15259,ROSLYN,EP,1,2022-10-23 01:00:00+00:00,2022-10-23 11:20:00+00:00,2022-10-23 11:20:00+00:00,2022-10-23 11:21:56.646017+00:00,landfall,21.909722020977437,-105.59514622085166,21.909722020977437,-105.59514622085166,0.0,115.0,115.0,105.0,105.0,105.0,105.0,True,1,True,1,False,0,0,True,True,True,10.333333333333334,10.333333333333334,A,True,landfall_crossing+wind_radius,sea,coastline,TS,HU,TS,HU,main,False,1.0,1.0,passed
2022304N16287-CE01,2022304N16287,LISA,NA,1,2022-11-01 22:20:00+00:00,2022-11-02 21:15:00+00:00,2022-11-02 21:15:00+00:00,2022-11-02 18:36:22.642462+00:00,landfall,17.320310412981698,-87.80100454311736,17.320310412981698,-87.80100454311736,0.0,80.0,80.0,79.5,75.66666666666667,79.5,79.5,True,3,True,3,True,2,1,True,True,True,17.800595238194443,22.916666666666668,A,True,landfall_crossing+wind_radius,sea,coastline,TS,HU,TS,HU,main,False,1.0,1.0,passed
2022299N11134-CE01,2022299N11134,NALGAE,WP,1,2022-10-31 08:24:00+00:00,2022-11-03 00:00:00+00:00,2022-11-02 21:45:00+00:00,2022-11-02 21:42:18.007642+00:00,landfall,22.100049503062653,113.52949980620144,22.100049503062653,113.52949980620144,0.0,75.0,75.0,23.75,23.75,23.75,23.75,True,2,True,2,True,1,0,True,True,False,52.475,63.6,B,True,landfall_crossing+wind_radius+distance_proxy,land,coastline,TS,TD,TS,TD,main,False,0.8522727272727273,1.0,passed
2022311N21293-CE01,2022311N21293,NICOLE,NA,1,2022-11-09 10:00:00+00:00,2022-11-10 08:00:00+00:00,2022-11-10 00:00:00+00:00,2022-11-09 16:42:12.523458+00:00,landfall,26.500070787701887,-77.0406958051704,26.500070787701887,-77.0406958051704,0.0,65.0,65.0,65.0,59.5,65.0,65.0,True,8,True,8,True,8,3,True,True,True,18.84880952388889,22.0,A,True,landfall_crossing+wind_radius,land,coastline,TS,HU,TS,TS,main,False,1.0,1.0,passed
2023036S12163-CE02,2023036S12163,GABRIELLE,SP,2,2023-02-10 17:04:36.923076+00:00,2023-02-12 00:00:00+00:00,2023-02-11 10:52:30+00:00,2023-02-11 10:52:30+00:00,coastal_approach,-29.187930433750044,167.9370232141685,-29.136278000000008,167.934972,5.728552220779635,90.0,77.0,56.125,56.125,,,False,0,False,0,False,0,0,True,True,False,30.377622377777783,30.92307692333333,B,True,wind_radius,sea,sea,SS,SS,SS,SS,main,False,0.863013698630137,0.863013698630137,passed
2023036S12117-CE02,2023036S12117,FREDDY,SI,2,2023-02-21 09:00:00+00:00,2023-02-21 16:17:08.571428+00:00,2023-02-21 16:17:08.571428+00:00,2023-02-21 16:12:04.271100+00:00,landfall,-20.98033337200677,48.45995458992495,-20.98033337200677,48.45995458992495,0.0,140.0,98.0,80.71428571428571,80.71428571428571,80.71428571428571,80.71428571428571,True,1,True,1,False,0,0,True,True,True,7.071428571249999,7.285714285555556,A,True,landfall_crossing+wind_radius,land,coastline,TS,TY,TS,TY,main,False,1.0,1.0,passed
2023036S12117-CE03,2023036S12117,FREDDY,SI,3,2023-02-24 03:00:00+00:00,2023-02-24 11:15:00+00:00,2023-02-24 11:15:00+00:00,2023-02-24 11:36:05.227781+00:00,landfall,-22.400032060698024,35.539854766994694,-22.400032060698024,35.539854766994694,0.0,140.0,65.0,52.0,52.0,52.0,52.0,True,1,True,1,False,0,0,True,True,False,8.25,8.25,B,True,landfall_crossing+wind_radius,sea,coastline,TS,TS,TS,TS,main,False,1.0,1.0,passed
2023055S14184-CE01,2023055S14184,JUDY,SP,1,2023-02-27 07:30:00+00:00,2023-03-02 05:08:34.285714+00:00,2023-02-28 14:34:17.142857+00:00,2023-02-28 09:54:35.875633+00:00,landfall,-15.18199647787202,168.2,-15.18199647787202,168.2,0.0,110.0,110.0,79.28571428571429,71.42857142857143,109.75,109.75,True,6,True,6,True,6,0,True,True,True,62.28571428569444,69.64285714277777,A,True,landfall_crossing+wind_radius,sea,coastline,TS,TY,TS,TY,main,False,0.9668508287292816,1.0,passed
2023059S15149-CE01,2023059S15149,KEVIN,SP,1,2023-03-02 12:00:00+00:00,2023-03-04 09:48:00+00:00,2023-03-03 13:20:00+00:00,2023-03-03 13:26:30.178040+00:00,landfall,-18.840530545611863,168.98789976326276,-18.840530545611863,168.98789976326276,0.0,135.0,135.0,103.55555555555556,103.55555555555556,103.55555555555556,103.55555555555556,True,1,True,1,True,1,0,True,True,True,45.133333333333326,45.8,A,True,landfall_crossing+wind_radius,sea,coastline,TS,TY,TS,TY,main,False,1.0,1.0,passed
2023036S12117-CE05,2023036S12117,FREDDY,SI,5,2023-03-07 22:00:00+00:00,2023-03-08 08:15:00+00:00,2023-03-08 02:24:00+00:00,2023-03-08 02:24:00+00:00,coastal_approach,-21.96004477261772,40.75989896364822,-22.313806,40.383278,55.173089238158255,140.0,95.0,89.4,89.4,,,False,0,False,0,False,0,0,True,True,False,10.25,10.25,B,True,wind_radius,sea,sea,TS,TY,TS,TY,main,False,1.0,1.0,passed
2023036S12117-CE06,2023036S12117,FREDDY,SI,6,2023-03-10 15:00:00+00:00,2023-03-11 18:00:00+00:00,2023-03-11 18:00:00+00:00,2023-03-11 18:17:15.627884+00:00,landfall,-17.780830718028394,37.18080247284273,-17.780830718028394,37.18080247284273,0.0,140.0,100.0,95.0,95.0,95.0,95.0,True,1,True,1,False,0,0,True,True,True,27.0,27.0,A,True,landfall_crossing+wind_radius,sea,coastline,TS,TY,TS,TY,main,False,1.0,1.0,passed
2023096S07135-CE01,2023096S07135,ILSA,SI,1,2023-04-13 05:00:00+00:00,2023-04-13 16:00:00+00:00,2023-04-13 16:00:00+00:00,2023-04-13 15:53:46.197017+00:00,landfall,-20.079236007683807,119.58960481110884,-20.079236007683807,119.58960481110884,0.0,140.0,140.0,112.0,112.0,112.0,112.0,True,1,True,1,False,0,0,True,True,True,10.833333333333334,11.0,A,True,landfall_crossing+wind_radius,land,coastline,TS,ST,TS,ST,main,False,1.0,1.0,passed
2023129N08091-CE01,2023129N08091,MOCHA,NI,1,2023-05-13 10:07:30+00:00,2023-05-14 08:08:34.285714+00:00,2023-05-14 08:08:34.285714+00:00,2023-05-14 07:45:05.342700+00:00,landfall,20.19197959909421,92.77491616522607,20.19197959909421,92.77491616522607,0.0,145.0,145.0,119.28571428571428,121.42857142857144,121.42857142857144,121.42857142857144,True,2,True,2,True,1,1,True,True,True,21.053571428472225,22.01785714277778,A,True,landfall_crossing+wind_radius,land,coastline,TS,ST,TS,ST,main,False,1.0,1.0,passed
2023138N05151-CE03,2023138N05151,MAWAR,WP,3,2023-05-23 09:45:00+00:00,2023-05-25 03:36:00+00:00,2023-05-24 09:45:00+00:00,2023-05-24 09:45:00+00:00,coastal_approach,13.725034267285071,144.92502386200894,13.654365000000004,144.859944,10.521144039023175,165.0,150.625,118.5,118.5,,,False,0,False,0,False,0,0,True,True,True,41.85,41.85,A,True,wind_radius,sea,sea,TS,TY,TS,TY,main,False,1.0,1.0,passed
2023138N05151-CE06,2023138N05151,MAWAR,WP,6,2023-05-31 02:15:00+00:00,2023-06-02 08:42:00+00:00,2023-06-01 15:45:00+00:00,2023-06-01 15:43:25.660619+00:00,landfall,26.420795770331534,127.72023638991584,26.420795770331534,127.72023638991584,0.0,165.0,65.0,45.0,45.0,45.0,45.0,True,2,True,2,True,2,0,True,False,False,52.42499999999998,54.45,B,True,landfall_crossing+wind_radius,land,coastline,TS,TS,TS,TS,main,False,1.0,1.0,passed
2023156N12135-CE01,2023156N12135,GUCHOL,WP,1,2023-06-10 19:52:30+00:00,2023-06-11 09:32:43.636363+00:00,2023-06-11 04:00:00+00:00,2023-06-11 04:00:00+00:00,coastal_approach,23.800185408211853,132.1661549207511,24.466667,131.197083,123.09319102537204,95.0,86.42857142857143,72.0,72.0,,,False,0,False,0,False,0,0,True,True,False,10.29545454527778,13.670454545277778,B,True,wind_radius,sea,sea,TS,TY,TS,TY,main,False,1.0,1.0,passed
2023180N13264-CE01,2023180N13264,BEATRIZ,EP,1,2023-06-30 09:25:42.857142+00:00,2023-07-01 05:34:17.142857+00:00,2023-07-01 05:34:17.142857+00:00,2023-07-01 05:30:57.408755+00:00,landfall,19.135519446909328,-104.5353298791894,19.135519446909328,-104.5353298791894,0.0,75.0,75.0,55.71428571428572,55.71428571428572,55.71428571428572,55.71428571428572,True,1,True,1,False,0,0,True,True,True,19.928571428750004,20.14285714305556,A,True,landfall_crossing+wind_radius,land,coastline,TS,TS,TS,TS,main,False,1.0,1.0,passed
2023179N15256-CE01,2023179N15256,ADRIAN,EP,1,2023-07-01 05:15:00+00:00,2023-07-02 00:00:00+00:00,2023-07-01 17:15:00+00:00,2023-07-01 17:15:00+00:00,coastal_approach,18.450020139068773,-114.64995667145854,18.380889,-114.683722,8.44254798826498,90.0,81.25,50.75,50.75,,,False,0,False,0,False,0,0,True,True,False,18.75,18.75,B,True,wind_radius,sea,sea,TS,TS,TS,TS,main,False,1.0,1.0,passed
2023194N16123-CE01,2023194N16123,TALIM,WP,1,2023-07-16 22:00:00+00:00,2023-07-18 01:20:00+00:00,2023-07-17 14:08:34.285714+00:00,2023-07-17 13:58:44.226362+00:00,landfall,21.2002391962397,110.50420954373018,21.2002391962397,110.50420954373018,0.0,80.0,80.0,73.57142857142857,73.57142857142857,73.57142857142857,73.57142857142857,True,6,True,6,True,5,7,True,True,True,19.27142857138889,27.33333333333333,A,True,landfall_crossing+wind_radius,sea,coastline,TS,TY,TS,TY,main,False,0.7916666666666666,1.0,passed
2023201N13134-CE02,2023201N13134,DOKSURI,WP,2,2023-07-24 15:00:00+00:00,2023-07-28 02:40:00+00:00,2023-07-26 03:00:00+00:00,2023-07-25 15:55:23.591147+00:00,landfall,19.00014393427472,121.94613009457116,19.00014393427472,121.94613009457116,0.0,130.0,130.0,103.0,120.0,120.0,120.0,True,5,True,5,True,4,2,True,True,True,78.79166666666666,83.66666666666667,A,True,landfall_crossing+wind_radius,sea,coastline,TS,TY,TS,TY,main,False,1.0,1.0,passed
2023207N09141-CE01,2023207N09141,KHANUN,WP,1,2023-07-31 00:36:00+00:00,2023-08-10 01:05:27.272727+00:00,2023-08-10 00:00:00+00:00,2023-08-09 13:05:38.750852+00:00,landfall,32.58236341112029,128.7636588495597,32.58236341112029,128.7636588495597,0.0,125.0,125.0,45.0,59.333333333333336,59.333333333333336,59.333333333333336,True,3,True,3,True,2,0,True,True,True,238.94545454541668,240.49090909083333,A,True,landfall_crossing+wind_radius,sea,coastline,TS,TS,TS,TS,main,False,0.9633802816901408,1.0,passed
2023218N25145-CE01,2023218N25145,LAN,WP,1,2023-08-10 07:00:00+00:00,2023-08-15 03:20:00+00:00,2023-08-14 19:30:00+00:00,2023-08-14 19:44:52.834246+00:00,landfall,33.51224092037296,135.82536076087203,33.51224092037296,135.82536076087203,0.0,120.0,120.0,70.25,70.25,70.25,70.25,True,2,True,2,True,1,1,True,True,True,105.36666666666665,116.33333333333331,A,True,landfall_crossing+wind_radius,land,coastline,TS,TY,TS,TY,main,False,1.0,1.0,passed
2023228N12259-CE01,2023228N12259,HILARY,EP,1,2023-08-18 00:30:00+00:00,2023-08-20 17:00:00+00:00,2023-08-20 12:00:00+00:00,2023-08-20 12:00:58.637144+00:00,landfall,28.10434453404239,-115.30107779194702,28.10434453404239,-115.30107779194702,0.0,120.0,120.0,55.0,55.0,55.0,55.0,True,2,True,2,True,1,0,True,True,False,60.05555555541666,64.5,B,True,landfall_crossing+wind_radius,sea,coastline,TS,TS,TS,TS,main,False,1.0,1.0,passed
2023234N18128-CE01,2023234N18128,SAOLA,WP,1,2023-08-25 20:15:00+00:00,2023-08-27 12:45:00+00:00,2023-08-26 21:00:00+00:00,2023-08-26 21:00:00+00:00,coastal_approach,17.000000000000004,122.9,17.098036605772037,122.52593885819344,41.27340450293749,140.0,120.0,118.0,118.0,,,False,0,False,0,False,0,0,True,True,True,37.375,40.5,A,True,wind_radius,sea,sea,TS,TY,TS,TY,main,False,1.0,1.0,passed
2023234N18128-CE02,2023234N18128,SAOLA,WP,2,2023-08-29 00:45:00+00:00,2023-08-30 10:12:00+00:00,2023-08-29 17:00:00+00:00,2023-08-29 17:00:00+00:00,coastal_approach,19.800100498144097,122.03349960483196,19.952917,122.144139,20.50493836488518,140.0,140.0,139.33333333333334,139.33333333333334,,,False,0,False,0,False,0,0,True,True,True,33.45,33.45,A,True,wind_radius,sea,sea,TS,ST,TS,ST,main,False,1.0,1.0,passed
2023239N21274-CE01,2023239N21274,IDALIA,NA,1,2023-08-28 12:45:00+00:00,2023-08-30 11:30:00+00:00,2023-08-30 11:30:00+00:00,2023-08-30 11:37:03.456477+00:00,landfall,29.861537016295618,-83.62424916662393,29.861537016295618,-83.62424916662393,0.0,115.0,115.0,101.36363636363636,101.36363636363636,101.36363636363636,101.36363636363636,True,1,True,1,False,0,0,True,True,True,42.63333333347222,46.75,A,True,landfall_crossing+wind_radius,sea,coastline,TS,HU,TS,HU,main,False,1.0,1.0,passed
2023234N18128-CE03,2023234N18128,SAOLA,WP,3,2023-08-31 00:00:00+00:00,2023-09-02 06:00:00+00:00,2023-09-01 13:40:00+00:00,2023-09-01 13:25:07.619309+00:00,landfall,22.00002968147096,114.21624337395444,22.00002968147096,114.21624337395444,0.0,140.0,135.0,104.33333333333331,105.66666666666669,105.66666666666669,105.66666666666669,True,6,True,6,True,5,3,True,True,True,51.66666666666666,54.0,A,True,landfall_crossing+wind_radius,sea,coastline,TS,TY,TS,TY,main,False,0.8968253968253969,1.0,passed
2023239N18144-CE01,2023239N18144,HAIKUI,WP,1,2023-09-02 11:00:00+00:00,2023-09-05 01:00:00+00:00,2023-09-05 01:00:00+00:00,2023-09-03 07:03:55.644912+00:00,landfall,22.900353046830396,121.25139356024812,22.900353046830396,121.25139356024812,0.0,105.0,105.0,28.33333333333333,101.25,101.25,101.25,True,3,True,3,True,2,0,True,True,True,48.47678571430555,62.0,A,True,landfall_crossing+wind_radius+distance_proxy,land,coastline,TS,TD,TS,TY,main,False,0.88,0.992,passed
2023249N12320-CE01,2023249N12320,LEE,NA,1,2023-09-14 08:34:17.142857+00:00,2023-09-18 09:42:21.176470+00:00,2023-09-18 01:14:07.058823+00:00,2023-09-16 19:54:16.623545+00:00,landfall,44.27615740825629,-66.30480752253558,44.27615740825629,-66.30480752253558,0.0,145.0,88.0,35.0,55.0,55.0,55.0,True,5,True,5,True,5,3,True,True,False,89.37420422722222,97.13445378138888,B,True,landfall_crossing+wind_radius,sea,coastline,ET,EX,ET,EX,main,False,1.0,1.0,passed
2023271N14144-CE02,2023271N14144,KOINU,WP,2,2023-10-03 16:30:00+00:00,2023-10-06 17:15:00+00:00,2023-10-04 15:00:00+00:00,2023-10-04 23:35:42.649778+00:00,landfall,21.98653808239084,120.84050644362948,21.98653808239084,120.84050644362948,0.0,120.0,120.0,120.0,111.25,111.25,111.25,True,1,True,1,True,1,0,True,True,True,69.29999999999998,72.75,A,True,landfall_crossing+wind_radius,sea,coastline,TS,TY,TS,TY,main,False,1.0,1.0,passed
2023271N14144-CE03,2023271N14144,KOINU,WP,3,2023-10-07 10:00:00+00:00,2023-10-10 00:00:00+00:00,2023-10-09 03:45:00+00:00,2023-10-09 03:45:00+00:00,coastal_approach,21.5750507431736,112.92496145012376,21.6075,112.899556,4.453166109528523,120.0,105.0,43.75,43.75,,,False,0,False,0,False,0,0,True,True,True,46.5,62.0,A,True,wind_radius+distance_proxy,sea,sea,TS,TS,TS,TS,main,False,0.7752808988764045,1.0,passed
2023279N08157-CE01,2023279N08157,BOLAVEN,WP,1,2023-10-10 00:00:00+00:00,2023-10-12 09:22:30+00:00,2023-10-10 09:00:00+00:00,2023-10-10 09:00:00+00:00,coastal_approach,14.7,145.3,14.843699999999998,145.537766,30.134747295218432,165.0,165.0,75.0,75.0,,,False,0,False,0,False,0,0,True,True,False,53.9964285713889,57.375,B,True,wind_radius,sea,sea,TS,TY,TS,TY,main,False,1.0,1.0,passed
2023276N11254-CE02,2023276N11254,LIDIA,EP,2,2023-10-10 19:30:00+00:00,2023-10-10 23:43:38.181818+00:00,2023-10-10 23:43:38.181818+00:00,2023-10-10 23:50:50.374468+00:00,landfall,20.074642159947917,-105.54083449564916,20.074642159947917,-105.54083449564916,0.0,120.0,120.0,119.36363636363636,119.36363636363636,119.36363636363636,119.36363636363636,True,1,True,1,False,0,0,True,True,True,4.227272727222223,4.227272727222222,A,True,landfall_crossing+wind_radius,sea,coastline,TS,HU,TS,HU,main,False,1.0,1.0,passed
2023290N12256-CE01,2023290N12256,NORMA,EP,1,2023-10-20 11:24:00+00:00,2023-10-21 20:37:30+00:00,2023-10-21 20:37:30+00:00,2023-10-21 20:28:24.245886+00:00,landfall,23.02978701683385,-110.1,23.02978701683385,-110.1,0.0,115.0,105.0,69.0,69.0,69.0,69.0,True,1,True,1,False,0,0,True,True,True,31.387500000000003,33.225,A,True,landfall_crossing+wind_radius,land,coastline,TS,HU,TS,HU,main,False,1.0,1.0,passed
2023292N13309-CE02,2023292N13309,TAMMY,NA,2,2023-10-21 10:48:00+00:00,2023-10-22 20:30:00+00:00,2023-10-22 00:37:30+00:00,2023-10-22 00:34:53.870100+00:00,landfall,17.546536851976352,-61.74651679842259,17.546536851976352,-61.74651679842259,0.0,95.0,80.0,80.0,80.0,80.0,80.0,True,2,True,2,True,2,0,True,True,True,27.575,33.7,A,True,landfall_crossing+wind_radius,land,coastline,TS,HU,TS,HU,main,False,1.0,1.0,passed
2023290N12256-CE02,2023290N12256,NORMA,EP,2,2023-10-22 03:45:00+00:00,2023-10-23 10:30:00+00:00,2023-10-23 10:30:00+00:00,2023-10-22 04:47:41.499950+00:00,landfall,24.179519041257464,-109.88045487665264,24.179519041257464,-109.88045487665264,0.0,115.0,65.33333333333333,30.0,52.5,52.5,52.5,True,2,True,2,True,2,0,True,True,False,25.75,30.75,B,True,landfall_crossing+wind_radius+distance_proxy,land,coastline,TS,TD,TS,TS,main,False,0.7755102040816326,1.0,passed
2023292N11063-CE01,2023292N11063,TEJ,NI,1,2023-10-22 01:17:08.571428+00:00,2023-10-22 15:45:00+00:00,2023-10-22 08:00:00+00:00,2023-10-22 08:00:00+00:00,coastal_approach,12.900068570029216,54.83343896999459,12.555806,54.542083,49.514398739285184,105.0,105.0,100.0,100.0,,,False,0,False,0,False,0,0,True,True,False,12.964285714444443,14.464285714444443,B,True,wind_radius,sea,sea,TS,TY,TS,TY,main,False,1.0,1.0,passed
2023292N11063-CE02,2023292N11063,TEJ,NI,2,2023-10-23 06:00:00+00:00,2023-10-24 01:12:00+00:00,2023-10-24 01:12:00+00:00,2023-10-24 01:00:57.424176+00:00,landfall,15.866217772802305,52.164495727459055,15.866217772802305,52.164495727459055,0.0,105.0,85.0,42.2,42.2,42.2,42.2,True,1,True,1,False,0,0,True,True,True,18.9,19.2,A,True,landfall_crossing+wind_radius,land,coastline,TS,TS,TS,TS,main,False,0.8809523809523809,1.0,passed
2023292S03172-CE01,2023292S03172,LOLA,SP,1,2023-10-22 10:42:51.428571+00:00,2023-10-25 17:24:00+00:00,2023-10-24 16:00:00+00:00,2023-10-24 16:00:17.974164+00:00,landfall,-15.867005082823356,168.26652223521435,-15.867005082823356,168.26652223521435,0.0,125.0,125.0,103.33333333333331,103.33333333333331,103.33333333333331,103.33333333333331,True,2,True,2,True,2,1,True,True,True,70.75714285722219,78.68571428583333,A,True,landfall_crossing+wind_radius,sea,coastline,TS,TY,TS,TY,main,False,0.9333333333333332,1.0,passed
2023293N12089-CE01,2023293N12089,HAMOON,NI,1,2023-10-24 11:00:00+00:00,2023-10-24 22:38:10.909090+00:00,2023-10-24 22:38:10.909090+00:00,2023-10-24 22:29:14.610826+00:00,landfall,21.847436910204244,91.84620583006088,21.847436910204244,91.84620583006088,0.0,90.0,90.0,40.90909090909091,42.09090909090909,42.09090909090909,42.09090909090909,True,2,True,2,True,1,0,True,False,False,6.649999999861111,11.636363636111112,B,True,landfall_crossing+wind_radius,land,coastline,TS,TS,TS,TS,main,False,0.8979591836734694,1.0,passed
2023294N09264-CE01,2023294N09264,OTIS,EP,1,2023-10-25 00:00:00+00:00,2023-10-25 07:12:00+00:00,2023-10-25 07:12:00+00:00,2023-10-25 06:53:27.169554+00:00,landfall,16.825051608363907,-99.91249790754593,16.825051608363907,-99.91249790754593,0.0,145.0,145.0,135.2,140.0,140.0,140.0,True,2,True,2,True,1,0,True,True,True,6.974999999999999,7.2,A,True,landfall_crossing+wind_radius,land,coastline,TS,HU,TS,HU,main,False,1.0,1.0,passed
2023334N08088-CE01,2023334N08088,MICHAUNG,NI,1,2023-12-04 01:30:00+00:00,2023-12-05 04:12:00+00:00,2023-12-05 04:12:00+00:00,2023-12-05 04:24:11.877052+00:00,landfall,15.387113940496365,80.14672907843996,15.387113940496365,80.14672907843996,0.0,65.0,65.0,56.8,56.8,56.8,56.8,True,1,True,1,False,0,0,True,True,True,25.200000000000003,26.7,A,True,landfall_crossing+wind_radius,sea,coastline,TS,TS,TS,TS,main,False,1.0,1.0,passed
2023364S19035-CE01,2023364S19035,ALVARO,SI,1,2024-01-01 08:24:00+00:00,2024-01-01 16:17:08.571428+00:00,2024-01-01 15:51:25.714285+00:00,2024-01-01 15:55:31.142419+00:00,landfall,-21.36938486314112,43.4851501918688,-21.36938486314112,43.4851501918688,0.0,65.0,65.0,62.142857142857146,62.142857142857146,62.142857142857146,62.142857142857146,True,2,True,2,True,1,1,True,True,False,7.671428571249999,7.885714285555555,B,True,landfall_crossing+wind_radius,sea,coastline,TS,TY,TS,TY,main,False,1.0,1.0,passed
2024012S12059-CE01,2024012S12059,BELAL,SI,1,2024-01-13 02:37:30+00:00,2024-01-13 14:08:34.285714+00:00,2024-01-13 08:08:34.285714+00:00,2024-01-13 08:08:34.285714+00:00,coastal_approach,-15.985791507226836,54.61444738072394,-15.893888999999996,54.52161099999999,14.220427858188366,90.0,68.0,52.142857142857146,52.142857142857146,,,False,0,False,0,False,0,0,True,True,False,11.517857142777777,11.517857142777777,B,True,wind_radius,sea,sea,TS,TS,TS,TS,main,False,1.0,1.0,passed
2024012S12059-CE02,2024012S12059,BELAL,SI,2,2024-01-14 21:00:00+00:00,2024-01-16 03:00:00+00:00,2024-01-15 08:24:00+00:00,2024-01-15 06:48:57.961967+00:00,landfall,-20.8816632605766,55.58149181499208,-20.8816632605766,55.58149181499208,0.0,90.0,90.0,78.4,79.6,79.6,79.6,True,1,True,1,True,1,0,True,True,True,28.8,30.0,A,True,landfall_crossing+wind_radius,sea,coastline,TS,TY,TS,TY,main,False,1.0,1.0,passed
2024073S14128-CE01,2024073S14128,MEGAN,SI,1,2024-03-13 17:15:00+00:00,2024-03-18 05:15:00+00:00,2024-03-14 01:42:51.428571+00:00,2024-03-13 17:06:56.305606+00:00,landfall,-11.600032368381056,131.4115640493445,-11.600032368381056,131.4115640493445,0.0,90.0,90.0,25.0,25.0,82.66666666666667,82.66666666666667,True,12,True,12,True,12,3,True,True,True,55.375,108.0,A,True,landfall_crossing+wind_radius+distance_proxy,land,coastline,TS,TD,TS,TD,main,False,0.41875,1.0,passed
2024082S08054-CE01,2024082S08054,GAMANE,SI,1,2024-03-26 15:45:00+00:00,2024-03-27 02:00:00+00:00,2024-03-27 02:00:00+00:00,2024-03-27 02:08:55.653857+00:00,landfall,-12.90001553664722,49.856747149004285,-12.90001553664722,49.856747149004285,0.0,85.0,85.0,83.66666666666667,83.66666666666667,83.66666666666667,83.66666666666667,True,1,True,1,False,0,0,True,True,True,10.25,10.25,A,True,landfall_crossing+wind_radius,sea,coastline,TS,TY,TS,TY,main,False,1.0,1.0,passed
2024121S07047-CE01,2024121S07047,HIDAYA,SI,1,2024-05-04 03:00:00+00:00,2024-05-04 09:30:00+00:00,2024-05-04 09:30:00+00:00,2024-05-04 06:07:07.354739+00:00,landfall,-7.8000112221759474,39.88021506244596,-7.8000112221759474,39.88021506244596,0.0,80.0,65.0,41.66666666666666,50.0,50.0,50.0,True,2,True,2,True,2,4,True,False,False,3.25,6.5,B,True,landfall_crossing+wind_radius+distance_proxy,land,coastline,TS,TS,TS,TS,main,False,0.5384615384615384,1.0,passed
2024141N03142-CE01,2024141N03142,EWINIAR,WP,1,2024-05-26 06:00:00+00:00,2024-05-27 00:00:00+00:00,2024-05-26 11:24:00+00:00,2024-05-26 09:20:33.540587+00:00,landfall,14.634285035226844,121.93422355949563,14.634285035226844,121.93422355949563,0.0,90.0,90.0,73.6,69.4,72.2,72.2,True,2,True,2,True,3,0,True,True,True,16.8,18.0,A,True,landfall_crossing+wind_radius,sea,coastline,TS,TY,TS,TS,main,False,1.0,1.0,passed
2024141N03142-CE02,2024141N03142,EWINIAR,WP,2,2024-05-28 21:49:05.454545+00:00,2024-05-29 06:51:25.714285+00:00,2024-05-29 01:21:49.090909+00:00,2024-05-29 01:21:49.090909+00:00,coastal_approach,24.51859251464696,131.1172191912952,24.470861,131.181333,8.377531768863271,90.0,80.0,72.72727272727273,72.72727272727273,,,False,0,False,0,False,0,0,True,True,True,9.038961038888887,9.038961038888887,A,True,wind_radius,sea,sea,TS,TY,TS,TY,main,False,1.0,1.0,passed
2024181N09320-CE01,2024181N09320,BERYL,NA,1,2024-07-01 07:30:00+00:00,2024-07-01 20:43:38.181818+00:00,2024-07-01 15:00:00+00:00,2024-07-01 15:04:52.736786+00:00,landfall,12.500003422904314,-61.42439473198407,12.500003422904314,-61.42439473198407,0.0,145.0,142.72727272727272,119.0,119.0,119.0,119.0,True,1,True,1,True,1,0,True,True,True,13.060606060555552,13.22727272722222,A,True,landfall_crossing+wind_radius,sea,coastline,TS,HU,TS,HU,main,False,1.0,1.0,passed
2024181N09320-CE02,2024181N09320,BERYL,NA,2,2024-07-02 20:10:54.545454+00:00,2024-07-04 18:00:00+00:00,2024-07-03 22:12:00+00:00,2024-07-03 22:12:00+00:00,coastal_approach,17.620390477694784,-77.81968218338588,17.853749999999998,-77.740028,27.17421739305096,145.0,138.5,116.8,116.8,,,False,0,False,0,False,0,0,True,True,True,45.81818181833333,45.81818181833333,A,True,wind_radius,sea,sea,TS,HU,TS,HU,main,False,1.0,1.0,passed
2024181N09320-CE03,2024181N09320,BERYL,NA,3,2024-07-05 03:45:00+00:00,2024-07-05 11:00:00+00:00,2024-07-05 11:00:00+00:00,2024-07-05 10:54:25.425586+00:00,landfall,20.29073794265159,-87.37673735349262,20.29073794265159,-87.37673735349262,0.0,145.0,100.0,80.0,80.0,80.0,80.0,True,1,True,1,False,0,0,True,True,True,7.083333333333332,7.25,A,True,landfall_crossing+wind_radius,land,coastline,TS,HU,TS,HU,main,False,1.0,1.0,passed
2024181N09320-CE04,2024181N09320,BERYL,NA,4,2024-07-08 00:25:42.857142+00:00,2024-07-08 08:50:00+00:00,2024-07-08 08:40:00+00:00,2024-07-08 08:33:56.518446+00:00,landfall,28.58485670582171,-95.99620000320644,28.58485670582171,-95.99620000320644,0.0,145.0,80.0,80.0,80.0,80.0,80.0,True,2,True,2,True,1,0,True,True,True,8.404761904999999,8.404761904999999,A,True,landfall_crossing+wind_radius,sea,coastline,TS,HU,TS,HU,main,False,1.0,1.0,passed
2024201N12133-CE01,2024201N12133,GAEMI,WP,1,2024-07-23 10:07:30+00:00,2024-07-25 12:00:00+00:00,2024-07-25 08:00:00+00:00,2024-07-24 15:25:46.221642+00:00,landfall,24.185940399533337,121.65722249879038,24.185940399533337,121.65722249879038,0.0,125.0,125.0,56.66666666666666,98.75,98.75,98.75,True,3,True,3,True,2,1,True,True,True,43.58035714291667,49.875,A,True,landfall_crossing+wind_radius,sea,coastline,TS,TS,TS,TY,main,False,1.0,1.0,passed
2024213N14254-CE01,2024213N14254,CARLOTTA,EP,1,2024-08-02 06:00:00+00:00,2024-08-02 17:08:34.285714+00:00,2024-08-02 12:51:25.714285+00:00,2024-08-02 12:51:25.714285+00:00,coastal_approach,18.328764185853103,-114.77135805275634,18.342888999999992,-114.7685,1.5923156247505812,80.0,79.25,70.85714285714286,70.85714285714286,,,False,0,False,0,False,0,0,True,True,True,11.142857142777777,11.142857142777777,A,True,wind_radius,sea,sea,TS,HU,TS,HU,main,False,1.0,1.0,passed
2024216N20284-CE01,2024216N20284,DEBBY,NA,1,2024-08-02 17:20:00+00:00,2024-08-05 11:00:00+00:00,2024-08-03 12:00:00+00:00,2024-08-03 01:37:46.521027+00:00,landfall,21.06331809662977,-79.27988944193052,21.06331809662977,-79.27988944193052,0.0,70.0,70.0,30.0,25.0,70.0,70.0,True,8,True,8,True,8,4,True,True,True,40.6875,65.66666666666667,A,True,landfall_crossing+wind_radius+distance_proxy,land,coastline,TS,TD,TS,TD,main,False,0.5363128491620112,1.0,passed
2024225N14313-CE01,2024225N14313,ERNESTO,NA,1,2024-08-13 05:24:00+00:00,2024-08-14 13:52:30+00:00,2024-08-13 23:30:00+00:00,2024-08-13 09:39:46.555612+00:00,landfall,16.399440348986253,-61.3988790669577,16.399440348986253,-61.3988790669577,0.0,85.0,66.875,55.0,35.0,55.0,55.0,True,3,True,3,True,4,1,True,True,False,21.819047619027774,32.475,B,True,landfall_crossing+wind_radius,sea,coastline,TS,TS,TS,TS,main,False,1.0,1.0,passed
2024225N22135-CE01,2024225N22135,AMPIL,WP,1,2024-08-13 21:00:00+00:00,2024-08-16 19:12:00+00:00,2024-08-15 06:30:00+00:00,2024-08-15 06:30:00+00:00,coastal_approach,30.58334134366778,141.0834048464531,30.48163900000001,140.328778,73.29155658895394,110.0,110.0,90.5,90.5,,,False,0,False,0,False,0,0,True,True,False,70.2,70.2,B,True,wind_radius,sea,sea,TS,TY,TS,TY,main,False,1.0,1.0,passed
2024225N14313-CE02,2024225N14313,ERNESTO,NA,2,2024-08-16 17:08:34.285714+00:00,2024-08-18 03:00:00+00:00,2024-08-17 08:30:00+00:00,2024-08-17 08:10:54.441435+00:00,landfall,32.24910528391071,-64.82555396621986,32.24910528391071,-64.82555396621986,0.0,85.0,85.0,75.0,75.0,75.0,75.0,True,2,True,2,True,2,0,True,True,True,33.48214285722222,33.85714285722222,A,True,landfall_crossing+wind_radius,land,coastline,TS,HU,TS,HU,main,False,1.0,1.0,passed
2024225N14313-CE03,2024225N14313,ERNESTO,NA,3,2024-08-20 00:00:00+00:00,2024-08-20 09:28:25.263157+00:00,2024-08-20 04:20:00+00:00,2024-08-20 04:20:00+00:00,coastal_approach,46.10391161777617,-52.46319867098837,46.657389,-53.074722,77.4487311645524,85.0,80.0,67.77777777777777,67.77777777777777,,,False,0,False,0,False,0,0,True,True,False,6.473684210277777,9.473684210277778,B,True,wind_radius,sea,sea,TS,HU,TS,HU,main,False,1.0,1.0,passed
2024233N15148-CE02,2024233N15148,SHANSHAN,WP,2,2024-08-26 14:24:00+00:00,2024-08-29 09:00:00+00:00,2024-08-29 04:30:00+00:00,2024-08-28 23:25:37.489088+00:00,landfall,31.985416832708022,130.2,31.985416832708022,130.2,0.0,115.0,115.0,64.0,76.33333333333333,76.33333333333333,76.33333333333333,True,6,True,6,True,5,1,True,True,True,63.075,66.6,A,True,landfall_crossing+wind_radius,sea,coastline,TS,TS,TS,TY,main,False,1.0,1.0,passed
2024244N09137-CE01,2024244N09137,YAGI,WP,1,2024-09-04 07:00:00+00:00,2024-09-07 08:08:34.285714+00:00,2024-09-07 04:30:00+00:00,2024-09-06 07:50:05.665233+00:00,landfall,19.822493899405316,110.99433057495082,19.822493899405316,110.99433057495082,0.0,145.0,145.0,110.0,120.33333333333331,120.33333333333331,120.33333333333331,True,5,True,5,True,4,3,True,True,True,67.17857142847222,73.14285714277777,A,True,landfall_crossing+wind_radius,sea,coastline,TS,TY,TS,TY,main,False,1.0,1.0,passed
2024253N21266-CE01,2024253N21266,FRANCINE,NA,1,2024-09-11 15:40:00+00:00,2024-09-11 22:20:00+00:00,2024-09-11 22:20:00+00:00,2024-09-11 21:55:30.855134+00:00,landfall,29.28505806766297,-91.3149793844154,29.28505806766297,-91.3149793844154,0.0,90.0,90.0,86.66666666666667,90.0,90.0,90.0,True,2,True,2,True,1,0,True,True,True,6.166666666666666,6.666666666666667,A,True,landfall_crossing+wind_radius,land,coastline,TS,HU,TS,HU,main,False,1.0,1.0,passed
2024253N11148-CE01,2024253N11148,BEBINCA,WP,1,2024-09-13 18:00:00+00:00,2024-09-14 20:34:17.142857+00:00,2024-09-14 11:30:00+00:00,2024-09-14 11:30:00+00:00,coastal_approach,28.05012727686916,129.28352551180123,28.062888999999995,129.282528,1.4176546921584134,80.0,77.57142857142857,59.66666666666666,59.66666666666666,,,False,0,False,0,False,0,1,True,True,False,23.57142857138889,26.57142857138889,B,True,wind_radius,sea,sea,TS,TS,TS,TS,main,False,0.85,1.0,passed
2024253N11148-CE02,2024253N11148,BEBINCA,WP,2,2024-09-15 13:42:51.428571+00:00,2024-09-15 23:37:30+00:00,2024-09-15 21:00:00+00:00,2024-09-15 21:04:45.484473+00:00,landfall,30.70533537825088,122.48153371690486,30.70533537825088,122.48153371690486,0.0,80.0,78.85714285714286,70.0,70.0,70.0,70.0,True,2,True,2,True,1,0,True,True,True,9.910714285833333,9.910714285833334,A,True,landfall_crossing+wind_radius,sea,coastline,TS,TY,TS,TY,main,False,1.0,1.0,passed
2024267N14261-CE01,2024267N14261,JOHN,EP,1,2024-09-23 22:12:00+00:00,2024-09-24 02:40:00+00:00,2024-09-24 02:40:00+00:00,2024-09-24 02:44:36.876334+00:00,landfall,16.54018644054579,-98.8742740854337,16.54018644054579,-98.8742740854337,0.0,105.0,105.0,104.44444444444444,104.44444444444444,104.44444444444444,104.44444444444444,True,1,True,1,False,0,0,True,True,True,4.466666666666667,4.466666666666667,A,True,landfall_crossing+wind_radius,sea,coastline,TS,HU,TS,HU,main,False,1.0,1.0,passed
2024268N17278-CE01,2024268N17278,HELENE,NA,1,2024-09-25 02:30:00+00:00,2024-09-27 03:05:00+00:00,2024-09-27 03:05:00+00:00,2024-09-27 03:03:30.868737+00:00,landfall,29.93514496257836,-83.7,29.93514496257836,-83.7,0.0,120.0,120.0,120.0,120.0,120.0,120.0,True,1,True,1,False,0,0,True,True,True,47.17023809541667,48.583333333333336,A,True,landfall_crossing+wind_radius,land,coastline,TS,HU,TS,HU,main,False,1.0,1.0,passed
2024267N14261-CE02,2024267N14261,JOHN,EP,2,2024-09-26 21:00:00+00:00,2024-09-27 16:00:00+00:00,2024-09-27 16:00:00+00:00,2024-09-27 15:45:59.376086+00:00,landfall,18.17665408305069,-103.07663915139818,18.17665408305069,-103.07663915139818,0.0,105.0,65.0,50.0,50.0,50.0,50.0,True,1,True,1,False,0,0,True,True,False,18.75,19.0,B,True,landfall_crossing+wind_radius,land,coastline,TS,TS,TS,TS,main,False,1.0,1.0,passed
2024270N24128-CE01,2024270N24128,KRATHON,WP,1,2024-09-29 07:00:00+00:00,2024-10-03 05:00:00+00:00,2024-10-03 05:00:00+00:00,2024-10-03 04:49:10.287963+00:00,landfall,22.560680643787684,120.32126722992696,22.560680643787684,120.32126722992696,0.0,135.0,135.0,71.0,71.0,71.0,71.0,True,1,True,1,False,0,1,True,True,True,93.5,94.0,A,True,landfall_crossing+wind_radius,land,coastline,TS,TY,TS,TY,main,False,1.0,1.0,passed
2024279N21265-CE01,2024279N21265,MILTON,NA,1,2024-10-07 18:00:00+00:00,2024-10-08 23:02:30+00:00,2024-10-08 07:00:00+00:00,2024-10-08 07:00:00+00:00,coastal_approach,22.0001096942246,-89.36685393113919,22.369917,-89.661833,51.01261962323971,155.0,155.0,125.0,125.0,,,False,0,False,0,False,0,0,True,True,False,29.041666666666668,29.041666666666668,B,True,wind_radius,sea,sea,TS,HU,TS,HU,main,False,1.0,1.0,passed
2024279N21265-CE02,2024279N21265,MILTON,NA,2,2024-10-09 10:40:00+00:00,2024-10-10 00:30:00+00:00,2024-10-10 00:30:00+00:00,2024-10-10 00:21:19.171309+00:00,landfall,27.371072584593083,-82.62895339916413,27.371072584593083,-82.62895339916413,0.0,155.0,140.0,100.0,102.5,102.5,102.5,True,2,True,2,True,1,0,True,True,True,13.833333333333332,13.833333333333334,A,True,landfall_crossing+wind_radius,sea,coastline,TS,HU,TS,HU,main,False,1.0,1.0,passed
2024279N21265-CE03,2024279N21265,MILTON,NA,3,2024-10-10 07:54:32.727272+00:00,2024-10-10 21:27:41.538461+00:00,2024-10-10 07:54:32.727272+00:00,2024-10-10 07:55:55.158869+00:00,landfall,28.422684073781724,-80.72137083363089,28.422684073781724,-80.72137083363089,0.0,155.0,92.0,68.72727272727273,68.72727272727273,68.72727272727273,68.72727272727273,True,2,True,2,True,3,0,True,True,True,13.006993006944445,13.5524475525,A,True,landfall_crossing+wind_radius,sea,coastline,TS,HU,TS,HU,main,False,1.0,1.0,passed
2024293N21294-CE01,2024293N21294,OSCAR,NA,1,2024-10-19 18:00:00+00:00,2024-10-20 22:00:00+00:00,2024-10-19 23:00:00+00:00,2024-10-19 20:28:56.064764+00:00,landfall,21.50000639838602,-71.13096536108239,21.50000639838602,-71.13096536108239,0.0,75.0,75.0,75.0,75.0,75.0,75.0,True,3,True,3,True,2,0,True,True,True,27.25,28.0,A,True,landfall_crossing+wind_radius,land,coastline,TS,HU,TS,HU,main,False,1.0,1.0,passed
2024295N15092-CE01,2024295N15092,DANA,NI,1,2024-10-24 04:30:00+00:00,2024-10-24 22:00:00+00:00,2024-10-24 21:00:00+00:00,2024-10-24 20:45:00.360687+00:00,landfall,20.68334240103659,87.00833997167798,20.68334240103659,87.00833997167798,0.0,65.0,65.0,58.0,58.0,58.0,58.0,True,3,True,3,True,2,0,True,True,False,17.0,17.5,B,True,landfall_crossing+wind_radius,sea,coastline,TS,TS,TS,TS,main,False,1.0,1.0,passed
2024293N13141-CE01,2024293N13141,TRAMI,WP,1,2024-10-25 12:00:00+00:00,2024-10-27 03:25:42.857142+00:00,2024-10-27 03:25:42.857142+00:00,2024-10-27 03:12:42.235807+00:00,landfall,16.271794196806177,108.07171628546972,16.271794196806177,108.07171628546972,0.0,65.0,65.0,49.285714285714285,50.0,50.0,50.0,True,2,True,2,True,1,0,True,True,False,37.89285714263889,39.428571428333335,B,True,landfall_crossing+wind_radius,land,coastline,TS,TS,TS,TS,main,False,1.0,1.0,passed
2024298N13150-CE01,2024298N13150,KONG-REY,WP,1,2024-10-29 18:45:00+00:00,2024-11-02 12:00:00+00:00,2024-11-01 23:16:48+00:00,2024-10-31 05:44:07.442363+00:00,landfall,23.038303145799837,121.33544474819568,23.038303145799837,121.33544474819568,0.0,140.0,140.0,,100.55555555555556,100.55555555555556,100.55555555555556,True,13,True,13,True,13,8,True,True,True,62.810749299583335,89.25,A,True,landfall_crossing+wind_radius+distance_proxy,land,coastline,ET,,TS,TY,main,False,0.6045197740112994,0.6045197740112994,passed
2024309N13283-CE01,2024309N13283,RAFAEL,NA,1,2024-11-05 03:00:00+00:00,2024-11-07 09:00:00+00:00,2024-11-06 15:51:25.714285+00:00,2024-11-06 15:39:35.337166+00:00,landfall,21.610054577846817,-81.98773857319784,21.610054577846817,-81.98773857319784,0.0,105.0,100.0,96.42857142857144,96.42857142857144,100.0,100.0,True,2,True,2,True,2,2,True,True,True,44.13690476208332,54.0,A,True,landfall_crossing+wind_radius,sea,coastline,TS,HU,TS,HU,main,False,1.0,1.0,passed
2024307N06143-CE01,2024307N06143,YINXING,WP,1,2024-11-06 04:00:00+00:00,2024-11-08 00:25:42.857142+00:00,2024-11-07 16:42:51.428571+00:00,2024-11-07 07:51:13.944792+00:00,landfall,18.561895960065137,122.15287183113796,18.561895960065137,122.15287183113796,0.0,130.0,130.0,92.71428571428572,127.0,127.0,127.0,True,4,True,4,True,4,0,True,True,True,42.53571428555556,44.428571428333335,A,True,landfall_crossing+wind_radius,sea,coastline,TS,TY,TS,ST,main,False,1.0,1.0,passed
2024312N14145-CE01,2024312N14145,TORAJI,WP,1,2024-11-10 21:30:00+00:00,2024-11-11 00:22:30+00:00,2024-11-11 00:22:30+00:00,2024-11-11 00:28:17.763435+00:00,landfall,16.347274116221865,122.20580171746576,16.347274116221865,122.20580171746576,0.0,80.0,77.14285714285714,74.375,74.375,74.375,74.375,True,1,True,1,False,0,0,True,True,True,2.875,2.875,A,True,landfall_crossing+wind_radius,sea,coastline,TS,TY,TS,TY,main,False,0.9705882352941176,1.0,passed
2024314N07151-CE01,2024314N07151,USAGI,WP,1,2024-11-13 19:17:08.571428+00:00,2024-11-14 18:30:00+00:00,2024-11-14 12:51:25.714285+00:00,2024-11-14 05:36:17.191476+00:00,landfall,17.847377296224334,122.16599781268452,17.847377296224334,122.16599781268452,0.0,130.0,130.0,74.42857142857143,101.85714285714286,101.85714285714286,101.85714285714286,True,2,True,2,True,2,0,True,True,True,19.78571428597222,23.214285714444447,A,True,landfall_crossing+wind_radius,sea,coastline,TS,TY,TS,TY,main,False,1.0,1.0,passed
2024313N10169-CE01,2024313N10169,MAN-YI,WP,1,2024-11-15 22:42:51.428571+00:00,2024-11-17 07:30:00+00:00,2024-11-16 15:00:00+00:00,2024-11-16 14:54:15.251420+00:00,landfall,14.0936260369416,124.2127791782027,14.0936260369416,124.2127791782027,0.0,140.0,140.0,125.0,125.0,125.0,125.0,True,2,True,2,True,1,0,True,True,True,32.59821428583333,32.785714285833336,A,True,landfall_crossing+wind_radius,sea,coastline,TS,ST,TS,ST,main,False,1.0,1.0,passed
2024313N10169-CE02,2024313N10169,MAN-YI,WP,2,2024-11-17 13:48:00+00:00,2024-11-18 21:51:25.714285+00:00,2024-11-17 13:48:00+00:00,2024-11-17 13:48:00+00:00,coastal_approach,16.860290332425862,120.28052861904608,16.836667,120.332056,6.081893061603481,140.0,117.5,85.8,85.8,,,False,0,False,0,True,1,0,True,True,True,27.23571428569445,32.057142856944445,A,True,wind_radius,sea,sea,TS,TY,TS,TY,main,False,0.9215686274509804,1.0,passed
