case_id,storm_id,name,basin,reference_time,reference_event,latitude,longitude,coast_distance_km_at_anchor,landfall_count,r34_coverage_fraction,usa_wind_coverage_fraction,qc_status,failures,review_notes
2022024S09090-CE01,2022024S09090,BATSIRAI,SI,2022-02-01 15:00:00+00:00,coastal_approach,-17.3,59.6,54.275886357023666,0,1.0,1.0,passed,,
2022024S09090-CE02,2022024S09090,BATSIRAI,SI,2022-02-05 17:01:48.141186+00:00,landfall,-20.967828484176778,48.461732767098006,8.271252555124094e-06,1,1.0,1.0,passed,,anchor_within_six_hour_padding
2022038S19164-CE01,2022038S19164,DOVI,SP,2022-02-10 08:35:52.804986+00:00,landfall,-22.54649132193556,167.46716621064786,1.4828325743003908e-05,1,0.8508771929824561,1.0,passed,,
2022037S10103-CE02,2022037S10103,EMNATI,SI,2022-02-22 23:27:57.265179+00:00,landfall,-22.511100074799412,47.88927733193185,8.978487108506135e-06,1,1.0,1.0,passed,,
2022065S16055-CE02,2022065S16055,GOMBE,SI,2022-03-11 00:06:26.567941+00:00,landfall,-15.396423780923852,40.59283804497135,0.29321786475164807,1,1.0,1.0,passed,,anchor_within_six_hour_padding
2022096N03150-CE01,2022096N03150,MALAKAS,WP,2022-04-15 06:00:00+00:00,coastal_approach,27.899999999999995,141.8,40.149854608742295,0,0.7953216374269005,0.7953216374269005,passed,,limited_r34_coverage;limited_wind_coverage
2022126N07095-CE01,2022126N07095,ASANI,NI,2022-05-11 14:11:14.554541+00:00,landfall,16.0271059709392,81.1541552134867,1.7596854934654042e-05,1,0.5,1.0,passed,,limited_r34_coverage
2022148N13263-CE01,2022148N13263,AGATHA,EP,2022-05-30 20:43:05.651107+00:00,landfall,15.671841413716908,-96.6282134331613,1.5041732483574897e-05,1,1.0,1.0,passed,,
2022180N15117-CE01,2022180N15117,CHABA,WP,2022-07-02 08:26:54.807661+00:00,landfall,21.444874470107656,111.03682399642422,1.4009584322570521e-05,3,0.9101123595505618,1.0,passed,,
2022197N12260-CE01,2022197N12260,ESTELLE,EP,2022-07-19 08:30:00+00:00,coastal_approach,18.566758832129533,-114.61658598120869,21.76084733561552,0,1.0,1.0,passed,,
2022232N18131-CE01,2022232N18131,MA-ON,WP,2022-08-23 03:01:45.812067+00:00,landfall,17.50392788461882,122.19413439167596,1.8823944878403414e-05,1,1.0,1.0,passed,,anchor_within_six_hour_padding
2022239N22150-CE01,2022239N22150,HINNAMNOR,WP,2022-08-29 09:00:00+00:00,coastal_approach,27.4,142.2,9.61465445405963,0,1.0,1.0,passed,,
2022239N22150-CE02,2022239N22150,HINNAMNOR,WP,2022-08-30 20:40:00+00:00,coastal_approach,26.122441857096607,131.1887537321658,20.924374711921022,0,1.0,1.0,passed,,
2022239N22150-CE03,2022239N22150,HINNAMNOR,WP,2022-09-03 14:32:16.566754+00:00,landfall,24.63839707056672,124.71544350269308,2.181791013005038e-05,5,0.7672634271099744,0.7672634271099744,passed,,multiple_landfalls;limited_r34_coverage;limited_wind_coverage
2022248N14259-CE01,2022248N14259,KAY,EP,2022-09-08 20:21:07.743671+00:00,landfall,27.14631971953704,-114.28201547133936,1.092058422888274e-05,1,0.9590909090909092,1.0,passed,,
2022247N26147-CE01,2022247N26147,MUIFA,WP,2022-09-12 03:08:14.178193+00:00,landfall,24.41372887628158,124.09543463225128,1.5917314856294462e-05,14,0.875,1.0,passed,,multiple_landfalls
2022246N18301-CE02,2022246N18301,EARL,NA,2022-09-12 06:00:00+00:00,coastal_approach,44.29999999999999,-52.1,271.4808764195968,0,1.0,1.0,passed,,distant_wind_radius_contact
2022254N24143-CE01,2022254N24143,NANMADOL,WP,2022-09-18 08:23:51.200672+00:00,landfall,31.179511893685035,130.6,4.348567701378185e-06,9,0.7236842105263158,0.7236842105263158,passed,,multiple_landfalls;limited_r34_coverage;limited_wind_coverage
2022257N16312-CE01,2022257N16312,FIONA,NA,2022-09-18 19:08:05.413380+00:00,landfall,17.970238854532326,-67.07019711533643,1.0303516038335398e-05,3,1.0,1.0,passed,,
2022257N16312-CE02,2022257N16312,FIONA,NA,2022-09-19 14:16:13.542325+00:00,landfall,19.02708847987194,-69.12694401213258,1.1829963316240102e-05,3,1.0,1.0,passed,,anchor_within_six_hour_padding
2022257N16312-CE03,2022257N16312,FIONA,NA,2022-09-23 09:40:00+00:00,coastal_approach,33.52360155294915,-66.09169149337178,176.25687277614801,0,1.0,1.0,passed,,distant_wind_radius_contact
2022257N16312-CE04,2022257N16312,FIONA,NA,2022-09-24 07:02:38.502928+00:00,landfall,45.21320925880477,-61.2,2.8059274968060054e-05,5,1.0,1.0,passed,,multiple_landfalls
2022264N17132-CE01,2022264N17132,NORU,WP,2022-09-25 11:38:02.712618+00:00,landfall,15.18788843317617,121.47321277719672,8.927434982756548e-06,1,1.0,1.0,passed,,anchor_within_six_hour_padding
2022264N17132-CE02,2022264N17132,NORU,WP,2022-09-25 18:00:00+00:00,coastal_approach,15.500000000000002,119.9,0.39535208526280563,0,1.0,1.0,passed,,
2022266N12294-CE01,2022266N12294,IAN,NA,2022-09-27 08:19:45.669003+00:00,landfall,22.1726989674928,-83.69315619845587,1.811977714986281e-05,3,1.0,1.0,passed,,
2022264N17132-CE03,2022264N17132,NORU,WP,2022-09-27 20:14:55.194191+00:00,landfall,15.800107968561184,108.42522244706169,1.5394431105266843e-05,1,1.0,1.0,passed,,anchor_within_six_hour_padding
2022266N12294-CE02,2022266N12294,IAN,NA,2022-09-29 11:46:45.090075+00:00,landfall,28.370569688394763,-80.61477150667038,1.6224971636186886e-05,3,1.0,1.0,passed,,
2022272N14258-CE01,2022272N14258,ORLENE,EP,2022-10-03 05:22:05.227941+00:00,landfall,21.59469394753364,-106.6211195577918,2.012536919616598e-05,2,1.0,1.0,passed,,
2022280N11294-CE01,2022280N11294,JULIA,NA,2022-10-09 06:47:54.174843+00:00,landfall,12.400038255018789,-83.49161166025321,1.4056789707332085e-05,2,1.0,1.0,passed,,
2022285N17140-CE01,2022285N17140,NESAT,WP,2022-10-15 21:30:00+00:00,coastal_approach,19.216761551702536,121.51670877221956,3.229118381783036,0,0.9224806201550388,1.0,passed,,
2022285N17140-CE02,2022285N17140,NESAT,WP,2022-10-18 15:00:00+00:00,coastal_approach,17.400000000000002,112.1,52.52524025221604,0,1.0,1.0,passed,,
2022293N15259-CE01,2022293N15259,ROSLYN,EP,2022-10-23 11:21:56.646017+00:00,landfall,21.909722020977437,-105.59514622085166,1.1953469682944537e-05,1,1.0,1.0,passed,,anchor_within_six_hour_padding
2022304N16287-CE01,2022304N16287,LISA,NA,2022-11-02 18:36:22.642462+00:00,landfall,17.320310412981698,-87.80100454311736,1.3117359833822402e-07,3,1.0,1.0,passed,,
2022299N11134-CE01,2022299N11134,NALGAE,WP,2022-11-02 21:42:18.007642+00:00,landfall,22.100049503062653,113.52949980620144,2.119079187824372e-06,2,0.8522727272727273,1.0,passed,,
2022311N21293-CE01,2022311N21293,NICOLE,NA,2022-11-09 16:42:12.523458+00:00,landfall,26.500070787701887,-77.0406958051704,1.6512758547135935e-05,8,1.0,1.0,passed,,multiple_landfalls
2023036S12163-CE02,2023036S12163,GABRIELLE,SP,2023-02-11 10:52:30+00:00,coastal_approach,-29.187930433750044,167.9370232141685,5.728552220779635,0,0.863013698630137,0.863013698630137,passed,,
2023036S12117-CE02,2023036S12117,FREDDY,SI,2023-02-21 16:12:04.271100+00:00,landfall,-20.98033337200677,48.45995458992495,3.5859334012537425e-06,1,1.0,1.0,passed,,
2023036S12117-CE03,2023036S12117,FREDDY,SI,2023-02-24 11:36:05.227781+00:00,landfall,-22.400032060698024,35.539854766994694,6.928804423519152e-06,1,1.0,1.0,passed,,anchor_within_six_hour_padding
2023055S14184-CE01,2023055S14184,JUDY,SP,2023-02-28 09:54:35.875633+00:00,landfall,-15.18199647787202,168.2,1.349264934517604e-05,6,0.9668508287292816,1.0,passed,,multiple_landfalls
2023059S15149-CE01,2023059S15149,KEVIN,SP,2023-03-03 13:26:30.178040+00:00,landfall,-18.840530545611863,168.98789976326276,8.113541742873582e-06,1,1.0,1.0,passed,,
2023036S12117-CE05,2023036S12117,FREDDY,SI,2023-03-08 02:24:00+00:00,coastal_approach,-21.96004477261772,40.75989896364822,55.173089238158255,0,1.0,1.0,passed,,
2023036S12117-CE06,2023036S12117,FREDDY,SI,2023-03-11 18:17:15.627884+00:00,landfall,-17.780830718028394,37.18080247284273,1.8547847497959031e-06,1,1.0,1.0,passed,,anchor_within_six_hour_padding
2023096S07135-CE01,2023096S07135,ILSA,SI,2023-04-13 15:53:46.197017+00:00,landfall,-20.079236007683807,119.58960481110884,1.536615244027645e-05,1,1.0,1.0,passed,,
2023129N08091-CE01,2023129N08091,MOCHA,NI,2023-05-14 07:45:05.342700+00:00,landfall,20.19197959909421,92.77491616522607,2.187364869801869e-07,2,1.0,1.0,passed,,
2023138N05151-CE03,2023138N05151,MAWAR,WP,2023-05-24 09:45:00+00:00,coastal_approach,13.725034267285071,144.92502386200894,10.521144039023177,0,1.0,1.0,passed,,
2023138N05151-CE06,2023138N05151,MAWAR,WP,2023-06-01 15:43:25.660619+00:00,landfall,26.420795770331534,127.72023638991584,2.1492917275882107e-06,2,1.0,1.0,passed,,
2023156N12135-CE01,2023156N12135,GUCHOL,WP,2023-06-11 04:00:00+00:00,coastal_approach,23.800185408211853,132.1661549207511,123.09319102537205,0,1.0,1.0,passed,,distant_wind_radius_contact
2023180N13264-CE01,2023180N13264,BEATRIZ,EP,2023-07-01 05:30:57.408755+00:00,landfall,19.135519446909328,-104.5353298791894,1.2473752096234321e-05,1,1.0,1.0,passed,,
2023179N15256-CE01,2023179N15256,ADRIAN,EP,2023-07-01 17:15:00+00:00,coastal_approach,18.450020139068773,-114.64995667145854,8.44254798826498,0,1.0,1.0,passed,,
2023194N16123-CE01,2023194N16123,TALIM,WP,2023-07-17 13:58:44.226362+00:00,landfall,21.2002391962397,110.50420954373018,6.7373555355172265e-06,6,0.7916666666666666,1.0,passed,,multiple_landfalls;limited_r34_coverage
2023201N13134-CE02,2023201N13134,DOKSURI,WP,2023-07-25 15:55:23.591147+00:00,landfall,19.00014393427472,121.94613009457116,2.6181343787885296e-06,5,1.0,1.0,passed,,multiple_landfalls
2023207N09141-CE01,2023207N09141,KHANUN,WP,2023-08-09 13:05:38.750852+00:00,landfall,32.58236341112029,128.7636588495597,6.945962441669614e-08,3,0.9633802816901408,1.0,passed,,
2023218N25145-CE01,2023218N25145,LAN,WP,2023-08-14 19:44:52.834246+00:00,landfall,33.51224092037296,135.82536076087203,1.5287296433235236e-05,2,1.0,1.0,passed,,
2023228N12259-CE01,2023228N12259,HILARY,EP,2023-08-20 12:00:58.637144+00:00,landfall,28.10434453404239,-115.30107779194702,1.3191948935744334e-05,2,1.0,1.0,passed,,
2023234N18128-CE01,2023234N18128,SAOLA,WP,2023-08-26 21:00:00+00:00,coastal_approach,17.000000000000004,122.9,41.27340450293749,0,1.0,1.0,passed,,
2023234N18128-CE02,2023234N18128,SAOLA,WP,2023-08-29 17:00:00+00:00,coastal_approach,19.800100498144097,122.03349960483196,20.504938364883774,0,1.0,1.0,passed,,
2023239N21274-CE01,2023239N21274,IDALIA,NA,2023-08-30 11:37:03.456477+00:00,landfall,29.861537016295618,-83.62424916662393,4.1468473484419785e-06,1,1.0,1.0,passed,,anchor_within_six_hour_padding
2023234N18128-CE03,2023234N18128,SAOLA,WP,2023-09-01 13:25:07.619309+00:00,landfall,22.00002968147096,114.21624337395444,1.845996287092456e-05,6,0.8968253968253969,1.0,passed,,multiple_landfalls
2023239N18144-CE01,2023239N18144,HAIKUI,WP,2023-09-03 07:03:55.644912+00:00,landfall,22.900353046830396,121.25139356024812,1.0154502366660196e-05,3,0.88,0.992,passed,,
2023249N12320-CE01,2023249N12320,LEE,NA,2023-09-16 19:54:16.623545+00:00,landfall,44.27615740825629,-66.30480752253558,1.2768012739021145e-06,5,1.0,1.0,passed,,multiple_landfalls
2023271N14144-CE02,2023271N14144,KOINU,WP,2023-10-04 23:35:42.649778+00:00,landfall,21.98653808239084,120.84050644362948,5.21431105310917e-06,1,1.0,1.0,passed,,
2023271N14144-CE03,2023271N14144,KOINU,WP,2023-10-09 03:45:00+00:00,coastal_approach,21.5750507431736,112.92496145012376,4.453166109529228,0,0.7752808988764045,1.0,passed,,limited_r34_coverage
2023279N08157-CE01,2023279N08157,BOLAVEN,WP,2023-10-10 09:00:00+00:00,coastal_approach,14.7,145.3,30.13474729521913,0,1.0,1.0,passed,,
2023276N11254-CE02,2023276N11254,LIDIA,EP,2023-10-10 23:50:50.374468+00:00,landfall,20.074642159947917,-105.54083449564916,1.7902140255642494e-05,1,1.0,1.0,passed,,anchor_within_six_hour_padding
2023290N12256-CE01,2023290N12256,NORMA,EP,2023-10-21 20:28:24.245886+00:00,landfall,23.02978701683385,-110.1,4.93778517117401e-06,1,1.0,1.0,passed,,
2023292N13309-CE02,2023292N13309,TAMMY,NA,2023-10-22 00:34:53.870100+00:00,landfall,17.546536851976352,-61.74651679842259,1.557776737164281e-05,2,1.0,1.0,passed,,
2023290N12256-CE02,2023290N12256,NORMA,EP,2023-10-22 04:47:41.499950+00:00,landfall,24.179519041257464,-109.88045487665264,5.567282963784866e-07,2,0.7755102040816326,1.0,passed,,limited_r34_coverage
2023292N11063-CE01,2023292N11063,TEJ,NI,2023-10-22 08:00:00+00:00,coastal_approach,12.900068570029216,54.83343896999459,49.514398739285184,0,1.0,1.0,passed,,
2023292N11063-CE02,2023292N11063,TEJ,NI,2023-10-24 01:00:57.424176+00:00,landfall,15.866217772802305,52.164495727459055,5.025466656596993e-06,1,0.8809523809523809,1.0,passed,,
2023292S03172-CE01,2023292S03172,LOLA,SP,2023-10-24 16:00:17.974164+00:00,landfall,-15.867005082823356,168.26652223521435,6.0423209360939185e-06,2,0.9333333333333332,1.0,passed,,
2023293N12089-CE01,2023293N12089,HAMOON,NI,2023-10-24 22:29:14.610826+00:00,landfall,21.847436910204244,91.84620583006088,6.5925172377830935e-06,2,0.8979591836734694,1.0,passed,,
2023294N09264-CE01,2023294N09264,OTIS,EP,2023-10-25 06:53:27.169554+00:00,landfall,16.825051608363907,-99.91249790754593,0.2334814346118787,2,1.0,1.0,passed,,
2023334N08088-CE01,2023334N08088,MICHAUNG,NI,2023-12-05 04:24:11.877052+00:00,landfall,15.387113940496365,80.14672907843996,1.9792950458571812e-06,1,1.0,1.0,passed,,anchor_within_six_hour_padding
2023364S19035-CE01,2023364S19035,ALVARO,SI,2024-01-01 15:55:31.142419+00:00,landfall,-21.36938486314112,43.4851501918688,1.731274398170798e-05,2,1.0,1.0,passed,,
2024012S12059-CE01,2024012S12059,BELAL,SI,2024-01-13 08:08:34.285714+00:00,coastal_approach,-15.985791507226836,54.61444738072394,14.220427858188366,0,1.0,1.0,passed,,
2024012S12059-CE02,2024012S12059,BELAL,SI,2024-01-15 06:48:57.961967+00:00,landfall,-20.8816632605766,55.58149181499208,6.428581245521466e-06,1,1.0,1.0,passed,,
2024073S14128-CE01,2024073S14128,MEGAN,SI,2024-03-13 17:06:56.305606+00:00,landfall,-11.600032368381056,131.4115640493445,1.5683748160441455e-05,12,0.41875,1.0,passed,,multiple_landfalls;limited_r34_coverage;anchor_within_six_hour_padding
2024082S08054-CE01,2024082S08054,GAMANE,SI,2024-03-27 02:08:55.653857+00:00,landfall,-12.90001553664722,49.856747149004285,1.7779494227212297e-05,1,1.0,1.0,passed,,anchor_within_six_hour_padding
2024121S07047-CE01,2024121S07047,HIDAYA,SI,2024-05-04 06:07:07.354739+00:00,landfall,-7.8000112221759474,39.88021506244596,1.645766014372713e-05,2,0.5384615384615384,1.0,passed,,limited_r34_coverage
2024141N03142-CE01,2024141N03142,EWINIAR,WP,2024-05-26 09:20:33.540587+00:00,landfall,14.634285035226844,121.93422355949563,7.982177515081127e-06,2,1.0,1.0,passed,,
2024141N03142-CE02,2024141N03142,EWINIAR,WP,2024-05-29 01:21:49.090909+00:00,coastal_approach,24.51859251464696,131.1172191912952,8.377531768863271,0,1.0,1.0,passed,,
2024181N09320-CE01,2024181N09320,BERYL,NA,2024-07-01 15:04:52.736786+00:00,landfall,12.500003422904314,-61.42439473198407,1.690912839367438e-05,1,1.0,1.0,passed,,
2024181N09320-CE02,2024181N09320,BERYL,NA,2024-07-03 22:12:00+00:00,coastal_approach,17.620390477694784,-77.81968218338588,27.174217393050956,0,1.0,1.0,passed,,
2024181N09320-CE03,2024181N09320,BERYL,NA,2024-07-05 10:54:25.425586+00:00,landfall,20.29073794265159,-87.37673735349262,1.271631358183654e-05,1,1.0,1.0,passed,,
2024181N09320-CE04,2024181N09320,BERYL,NA,2024-07-08 08:33:56.518446+00:00,landfall,28.58485670582171,-95.99620000320644,1.919313153583019e-05,2,1.0,1.0,passed,,
2024201N12133-CE01,2024201N12133,GAEMI,WP,2024-07-24 15:25:46.221642+00:00,landfall,24.185940399533337,121.65722249879038,8.553442883758805e-06,3,1.0,1.0,passed,,
2024213N14254-CE01,2024213N14254,CARLOTTA,EP,2024-08-02 12:51:25.714285+00:00,coastal_approach,18.328764185853103,-114.77135805275634,1.5923156247505812,0,1.0,1.0,passed,,
2024216N20284-CE01,2024216N20284,DEBBY,NA,2024-08-03 01:37:46.521027+00:00,landfall,21.06331809662977,-79.27988944193052,9.390618864995816e-06,8,0.5363128491620112,1.0,passed,,multiple_landfalls;limited_r34_coverage
2024225N14313-CE01,2024225N14313,ERNESTO,NA,2024-08-13 09:39:46.555612+00:00,landfall,16.399440348986253,-61.3988790669577,1.135045171784135e-05,3,1.0,1.0,passed,,
2024225N22135-CE01,2024225N22135,AMPIL,WP,2024-08-15 06:30:00+00:00,coastal_approach,30.58334134366778,141.0834048464531,73.29155658895394,0,1.0,1.0,passed,,
2024225N14313-CE02,2024225N14313,ERNESTO,NA,2024-08-17 08:10:54.441435+00:00,landfall,32.24910528391071,-64.82555396621986,9.686761882587655e-06,2,1.0,1.0,passed,,
2024225N14313-CE03,2024225N14313,ERNESTO,NA,2024-08-20 04:20:00+00:00,coastal_approach,46.10391161777617,-52.46319867098837,77.4487311645524,0,1.0,1.0,passed,,
2024233N15148-CE02,2024233N15148,SHANSHAN,WP,2024-08-28 23:25:37.489088+00:00,landfall,31.985416832708022,130.2,1.3964351921390579e-05,6,1.0,1.0,passed,,multiple_landfalls
2024244N09137-CE01,2024244N09137,YAGI,WP,2024-09-06 07:50:05.665233+00:00,landfall,19.822493899405316,110.99433057495082,1.1868972016444712e-05,5,1.0,1.0,passed,,multiple_landfalls
2024253N21266-CE01,2024253N21266,FRANCINE,NA,2024-09-11 21:55:30.855134+00:00,landfall,29.28505806766297,-91.3149793844154,1.8366015302138048e-06,2,1.0,1.0,passed,,
2024253N11148-CE01,2024253N11148,BEBINCA,WP,2024-09-14 11:30:00+00:00,coastal_approach,28.05012727686916,129.28352551180123,1.4176546921584134,0,0.85,1.0,passed,,
2024253N11148-CE02,2024253N11148,BEBINCA,WP,2024-09-15 21:04:45.484473+00:00,landfall,30.70533537825088,122.48153371690486,1.0267694448223813e-05,2,1.0,1.0,passed,,
2024267N14261-CE01,2024267N14261,JOHN,EP,2024-09-24 02:44:36.876334+00:00,landfall,16.54018644054579,-98.8742740854337,5.313421271752048e-06,1,1.0,1.0,passed,,anchor_within_six_hour_padding
2024268N17278-CE01,2024268N17278,HELENE,NA,2024-09-27 03:03:30.868737+00:00,landfall,29.93514496257836,-83.7,1.5978032927834445e-05,1,1.0,1.0,passed,,
2024267N14261-CE02,2024267N14261,JOHN,EP,2024-09-27 15:45:59.376086+00:00,landfall,18.17665408305069,-103.07663915139818,8.082177492409321e-06,1,1.0,1.0,passed,,
2024270N24128-CE01,2024270N24128,KRATHON,WP,2024-10-03 04:49:10.287963+00:00,landfall,22.560680643787684,120.32126722992696,2.9466110126008953e-06,1,1.0,1.0,passed,,
2024279N21265-CE01,2024279N21265,MILTON,NA,2024-10-08 07:00:00+00:00,coastal_approach,22.0001096942246,-89.36685393113919,51.01261962323971,0,1.0,1.0,passed,,
2024279N21265-CE02,2024279N21265,MILTON,NA,2024-10-10 00:21:19.171309+00:00,landfall,27.371072584593083,-82.62895339916413,1.012275649874199e-05,2,1.0,1.0,passed,,
2024279N21265-CE03,2024279N21265,MILTON,NA,2024-10-10 07:55:55.158869+00:00,landfall,28.422684073781724,-80.72137083363089,7.522229723868862e-07,2,1.0,1.0,passed,,
2024293N21294-CE01,2024293N21294,OSCAR,NA,2024-10-19 20:28:56.064764+00:00,landfall,21.50000639838602,-71.13096536108239,9.004744995839776e-06,3,1.0,1.0,passed,,
2024295N15092-CE01,2024295N15092,DANA,NI,2024-10-24 20:45:00.360687+00:00,landfall,20.68334240103659,87.00833997167798,9.725716303014095e-06,3,1.0,1.0,passed,,
2024293N13141-CE01,2024293N13141,TRAMI,WP,2024-10-27 03:12:42.235807+00:00,landfall,16.271794196806177,108.07171628546972,2.3838856407123533e-05,2,1.0,1.0,passed,,
2024298N13150-CE01,2024298N13150,KONG-REY,WP,2024-10-31 05:44:07.442363+00:00,landfall,23.038303145799837,121.33544474819568,1.5107370739535183e-05,13,0.6045197740112994,0.6045197740112994,passed,,multiple_landfalls;limited_r34_coverage;limited_wind_coverage
2024309N13283-CE01,2024309N13283,RAFAEL,NA,2024-11-06 15:39:35.337166+00:00,landfall,21.610054577846817,-81.98773857319784,1.648767748680635e-05,2,1.0,1.0,passed,,
2024307N06143-CE01,2024307N06143,YINXING,WP,2024-11-07 07:51:13.944792+00:00,landfall,18.561895960065137,122.15287183113796,1.4714446799227453e-05,4,1.0,1.0,passed,,
2024312N14145-CE01,2024312N14145,TORAJI,WP,2024-11-11 00:28:17.763435+00:00,landfall,16.347274116221865,122.20580171746576,8.09653213386461e-06,1,0.9705882352941176,1.0,passed,,anchor_within_six_hour_padding
2024314N07151-CE01,2024314N07151,USAGI,WP,2024-11-14 05:36:17.191476+00:00,landfall,17.847377296224334,122.16599781268452,4.159537541798936e-06,2,1.0,1.0,passed,,
2024313N10169-CE01,2024313N10169,MAN-YI,WP,2024-11-16 14:54:15.251420+00:00,landfall,14.0936260369416,124.2127791782027,5.531840553756248e-06,2,1.0,1.0,passed,,
2024313N10169-CE02,2024313N10169,MAN-YI,WP,2024-11-17 13:48:00+00:00,coastal_approach,16.860290332425862,120.28052861904608,6.081893061601717,0,0.9215686274509804,1.0,passed,,
